Artista 1,Artista 2
77AiFEVeAVj2ORpC85QVJs,6S3KljEiIOWoLMUyZrkQUc
77AiFEVeAVj2ORpC85QVJs,2NpPlwwDVYR5dIj0F31EcC
6S3KljEiIOWoLMUyZrkQUc,2NpPlwwDVYR5dIj0F31EcC
325L7kby6bkG5qSXXAFEWM,09agIJMxCD2k87ys9Al0f0
2NpPlwwDVYR5dIj0F31EcC,7vk5e3vY1uw9plTHJAMwjN
2NpPlwwDVYR5dIj0F31EcC,4bL2B6hmLlMWnUEZnorEtG
2NpPlwwDVYR5dIj0F31EcC,20gsENnposVs2I4rQ5kvrf
2NpPlwwDVYR5dIj0F31EcC,2HkAI0YrEcgoR8QdaURqhO
2NpPlwwDVYR5dIj0F31EcC,1uU7g3DNSbsu0QjSEqZtEd
2NpPlwwDVYR5dIj0F31EcC,1ZPGzmbFTn8GRjqTqnLiFE
2NpPlwwDVYR5dIj0F31EcC,5oJvmyeWzyeahRtjup3Oys
2NpPlwwDVYR5dIj0F31EcC,0oXTS2yHUnuji1R7kc9J9a
2NpPlwwDVYR5dIj0F31EcC,4lDiJcOJ2GLCK6p9q5BgfK
2NpPlwwDVYR5dIj0F31EcC,4Yttlv9ndGjCDCVLqM7ACq
2NpPlwwDVYR5dIj0F31EcC,46aNfN89JrOQTCy97GoCHa
2NpPlwwDVYR5dIj0F31EcC,0lFLP59V4TY3XgnrkFIwxK
2NpPlwwDVYR5dIj0F31EcC,325L7kby6bkG5qSXXAFEWM
2NpPlwwDVYR5dIj0F31EcC,6S3KljEiIOWoLMUyZrkQUc
2NpPlwwDVYR5dIj0F31EcC,59d7SdvkSXhrqrPUKF7WYM
2NpPlwwDVYR5dIj0F31EcC,5NIERWixyvXlwwmiJgFms3
2NpPlwwDVYR5dIj0F31EcC,09agIJMxCD2k87ys9Al0f0
2NpPlwwDVYR5dIj0F31EcC,5Pwc4xIPtQLFEnJriah9YJ
2NpPlwwDVYR5dIj0F31EcC,1TcbdifqhtxLz77unBYJ7z
2NpPlwwDVYR5dIj0F31EcC,1S0zFXcKsrzuxceUrbjCmH
2NpPlwwDVYR5dIj0F31EcC,7dJzxVffEZI5MuHOJiQB5A
2NpPlwwDVYR5dIj0F31EcC,01pKrlgPJhm5dB4lneYAqS
2NpPlwwDVYR5dIj0F31EcC,1ZLNUoHaTQ4RNoniiQUFvD
2NpPlwwDVYR5dIj0F31EcC,20RTm4Vuduavx4OqUUyrk5
2NpPlwwDVYR5dIj0F31EcC,4mrBetqy378Jf1y6NLszlx
2NpPlwwDVYR5dIj0F31EcC,02kJSzxNuaWGqwubyUba0Z
2NpPlwwDVYR5dIj0F31EcC,2Tubog1fy1Lw5OXVFOpgfJ
2NpPlwwDVYR5dIj0F31EcC,47BEc2RoW53owMyxacXWdV
2NpPlwwDVYR5dIj0F31EcC,7jZM5w05mGhw6wTB1okhD9
2NpPlwwDVYR5dIj0F31EcC,6caPJFLv1wesmM7gwK1ACy
2NpPlwwDVYR5dIj0F31EcC,7tzELpzPjTq26pa5FT9ykz
2NpPlwwDVYR5dIj0F31EcC,2VhoJf6VdIoPnifnThy9UV
2NpPlwwDVYR5dIj0F31EcC,6L1XC7NrmgWRlwAeLJvVtA
2NpPlwwDVYR5dIj0F31EcC,69mcyXS8jfoBEv8h6tXcHv
2NpPlwwDVYR5dIj0F31EcC,4bL2B6hmLlMWnUEZnorEtG
2NpPlwwDVYR5dIj0F31EcC,7GAYMj354pCJ0yazsS0ryj
2NpPlwwDVYR5dIj0F31EcC,0SfsnGyD8FpIN4U4WCkBZ5
2NpPlwwDVYR5dIj0F31EcC,5ENS85nZShljwNgg4wFD7D
2NpPlwwDVYR5dIj0F31EcC,5L4RPnN1Gx46twMqymBpP4
2NpPlwwDVYR5dIj0F31EcC,19nLGneaqE4WS27uPmhnBv
2NpPlwwDVYR5dIj0F31EcC,0xRXCcSX89eobfrshSVdyu
2NpPlwwDVYR5dIj0F31EcC,2XnY6NZ6rENbLMYabjkRey
2NpPlwwDVYR5dIj0F31EcC,5344K3N7rx7kw1HjO8psuq
77AiFEVeAVj2ORpC85QVJs,4bL2B6hmLlMWnUEZnorEtG
77AiFEVeAVj2ORpC85QVJs,0SfsnGyD8FpIN4U4WCkBZ5
77AiFEVeAVj2ORpC85QVJs,47BEc2RoW53owMyxacXWdV
09agIJMxCD2k87ys9Al0f0,0SfsnGyD8FpIN4U4WCkBZ5
2HkAI0YrEcgoR8QdaURqhO,77AiFEVeAVj2ORpC85QVJs
2HkAI0YrEcgoR8QdaURqhO,4bL2B6hmLlMWnUEZnorEtG
2HkAI0YrEcgoR8QdaURqhO,0SfsnGyD8FpIN4U4WCkBZ5
5Pwc4xIPtQLFEnJriah9YJ,4bL2B6hmLlMWnUEZnorEtG
5Pwc4xIPtQLFEnJriah9YJ,02kJSzxNuaWGqwubyUba0Z
5Pwc4xIPtQLFEnJriah9YJ,20gsENnposVs2I4rQ5kvrf
0xRXCcSX89eobfrshSVdyu,5Pwc4xIPtQLFEnJriah9YJ
0xRXCcSX89eobfrshSVdyu,2NpPlwwDVYR5dIj0F31EcC